"CODE";"BOROUGH";"YEAR";"VAL_01_AGE";"VAR_01_AGE";"IND_01_AGE";"VAL_02_RACE_WHITE";"VAR_02_RACE_WHITE";"IND_02_RACE_WHITE";"VAL_03_WEEK_EARNINGS";"VAR_03_WEEK_EARNINGS";"IND_03_WEEK_EARNINGS";"VAL_04_PERCENT_NVQ4";"VAR_04_PERCENT_NVQ4";"IND_04_PERCENT_NVQ4";"VAL_05_CAR_TRAFFIC";"VAR_05_CAR_TRAFFIC";"IND_05_CAR_TRAFFIC";"VAL_06_EXP_LIFE";"VAR_06_EXP_LIFE";"IND_06_EXP_LIFE";"VAL_07_CRIMES";"VAR_07_CRIMES";"IND_07_CRIMES";"VAL_08_SERVICES";"VAR_08_SERVICES";"IND_08_SERVICES";"VAL_09_HOUSE_PRICE";"VAR_09_HOUSE_PRICE";"IND_09_HOUSE_PRICE";"VAL_10_HOUSE_RENT";"VAR_10_HOUSE_RENT";"IND_10_HOUSE_RENT"
"E09000002";"Barking and Dagenham";2001;42,77;0;0;84,84;0;0;383,3;0;0;14,1;0;0;460;0;0;76,92;0;0;1711,5;0;0;750;0;0;88664,06;0;0;64,18;0;0
"E09000002";"Barking and Dagenham";2011;46,46;0,831;2,0368;58,25;-3,6904;-1,1501;452,1;1,8512;-0,2138;26,9;9,6671;0,8816;504;0,9177;2,3987;79,25;0,3737;-0,1763;1517,58;-1,1953;0,5844;755;0,0831;-0,9127;163465,14;6,3084;0,0176;96,49;4,1617;-0,0795
"E09000002";"Barking and Dagenham";2021;44,08;-0,5245;-1,8649;45,31;-2,4809;-2,5763;508,7;1,1865;-0,3146;37;3,2393;0,2177;457;-0,9742;0,064;78,5;-0,095;-4,8618;1554,75;0,2423;1,9926;1310;5,6653;0,5232;309046,08;6,5761;0,1781;118,71;2,0941;-0,0907
"E09000002";"Barking and Dagenham";2031;44,93;0,1912;-0,0553;39,91;-1,261;-2,5302;604,86;1,7465;-0,2407;56,55;4,3333;0,7937;492;0,7407;2,9652;75,71;-0,3612;-2,6633;1615,87;0,3863;0,6217;1631;2,2159;0,9136;389817,16;2,349;0,0916;145,5;2,0558;-0,1352
"E09000003";"Barnet";2001;43,51;0;0;73,9;0;0;427,4;0;0;37,3;0;0;1389;0;0;80,09;0;0;2689,5;0;0;2395;0;0;185563,35;0;0;67,7;0;0
"E09000003";"Barnet";2011;46,39;0,643;1,8022;64,14;-1,4065;0,1806;498,3;1,72;-0,2695;50,4;4,3938;-0,1448;1393;0,0288;1,0439;82,32;0,3439;-0,242;2149,83;-2,2148;0,23;2570;0,8854;-0,0699;338978,01;6,2106;0,0019;103,17;4,3029;-0,0482
"E09000003";"Barnet";2021;43,9;-0,5502;-1,9073;59,34;-0,7748;-0,1169;574,9;1,4402;-0,1681;56,1;1,0772;-0,5951;1246;-1,109;-0,0655;83,04;0,0871;2,5407;2234,5;0,387;2,5854;4580;5,9481;0,5993;555740,17;5,0679;-0,0921;128,78;2,242;-0,0265
"E09000003";"Barnet";2031;45,13;0,2767;0,3671;56,98;-0,405;-0,1338;712,47;2,1686;-0,0572;67,16;1,8157;-0,2484;1368;0,9385;4,0241;81,54;-0,1821;-0,8469;2103,39;-0,6028;-3,5306;4255;-0,7333;-1,6332;700197,15;2,3375;0,0863;163,82;2,4358;0,0246
"E09000004";"Bexley";2001;44,07;0;0;91,18;0;0;405;0;0;15,8;0;0;817;0;0;79,15;0;0;1766,67;0;0;1155;0;0;116527,13;0;0;63,58;0;0
"E09000004";"Bexley";2011;46,05;0,4405;1,5496;81,88;-1,07;0,3766;505,1;2,4845;0,0551;27,2;8,0691;0,5706;795;-0,2726;0,5845;81,81;0,414;-0,0875;1009,5;-5,4427;-0,8923;1205;0,5311;-0,4421;200672,26;5,5859;-0,0989;90,6;3,605;-0,2026
"E09000004";"Bexley";2021;44,47;-0,3485;-1,5747;75,6;-0,7948;-0,1457;586,6;1,5071;-0,1294;42,3;4,5146;0,6972;749;-0,5943;0,429;81,5;-0,038;-2,5447;1229,42;1,9904;9,154;1470;2,0077;-0,4602;369472,17;6,2942;0,1276;112,22;2,1631;-0,0607
"E09000004";"Bexley";2031;40,54;-0,921;-5,5504;72,25;-0,4522;-0,266;747,93;2,4594;0,0692;57,89;3,1873;0,3194;785;0,4706;1,5193;80,9;-0,0739;0,2505;1387,73;1,2186;4,1159;1602;0,8636;-0,2542;480038,5;2,6525;0,2327;139,05;2,1669;-0,0885
"E09000005";"Brent";2001;45,49;0;0;45,49;0;0;368,4;0;0;24,5;0;0;835;0;0;78,79;0;0;2773;0;0;1745;0;0;157287,4;0;0;62,39;0;0
"E09000005";"Brent";2011;44,38;-0,2467;0,6922;36,28;-2,2369;-0,3033;414,9;1,3295;-0,4354;30,2;3,0332;-0,4096;798;-0,4522;0,3108;81,81;0,4713;0,0388;2464,58;-1,1722;0,5924;1905;1,1026;0,1583;298964,55;6,6332;0,07;101,46;4,9828;0,1021
"E09000005";"Brent";2021;46,27;0,4179;-0,3109;33,95;-0,6616;0,0463;555,7;2,965;0,7127;51;5,3795;1,0223;746;-0,6716;0,3547;81,64;-0,0208;-1,8455;2274,58;-0,7991;-2,2737;3135;5,1076;0,3733;490444,25;5,0744;-0,0909;127,79;2,3341;0,0135
"E09000005";"Brent";2031;46,09;-0,039;-1,1927;32,65;-0,3897;-0,091;649,84;1,5773;-0,3143;66,59;2,7032;0,119;750;0,0535;-0,7136;78,63;-0,375;-2,8032;2323,8;0,2143;-0,1003;3410;0,8444;-0,2708;629801,69;2,5325;0,1769;159,35;2,2317;-0,0612
"E09000006";"Bromley";2001;45,77;0;0;91,46;0;0;440,1;0;0;34,7;0;0;1164;0;0;79,84;0;0;2386,5;0;0;1865;0;0;162131,84;0;0;65,76;0;0
"E09000006";"Bromley";2011;43,92;-0,4117;0,4863;84,3;-0,8119;0,527;551,7;2,5429;0,0799;43,5;3,2816;-0,3613;1130;-0,296;0,5488;82,36;0,3892;-0,1422;1795,25;-2,8067;0,0242;1995;0,8458;-0,1115;274874,58;5,4209;-0,1255;95,71;3,8244;-0,1541
"E09000006";"Bromley";2021;46,28;0,5248;-0,1346;78,51;-0,709;-0,0221;666,6;1,9099;0,1032;57,9;2,9008;0,0905;1090;-0,3598;0,6543;83,04;0,0823;2,3455;1856,25;0,3347;2,3712;2300;1,4328;-0,6148;466823,83;5,4391;-0,0256;116,32;1,9694;-0,1449
"E09000006";"Bromley";2031;45,58;-0,1523;-1,7525;75,66;-0,3691;-0,0333;823,77;2,1396;-0,0698;71,55;2,1394;-0,1144;1132;0,3788;1,0278;83,63;0,0708;1,7181;1740,92;-0,6394;-3,6843;2458;0,6666;-0,4244;582155,67;2,2324;0,0375;142,29;2,0357;-0,1437
"E09000007";"Camden";2001;47,19;0;0;73,23;0;0;470,8;0;0;46,9;0;0;477;0;0;77,82;0;0;4425,25;0;0;3225;0;0;278594,04;0;0;65,16;0;0
"E09000007";"Camden";2011;42,07;-1,1419;-0,4247;66,35;-0,9818;0,428;612;2,9573;0,2559;55,2;2,3551;-0,5416;394;-1,8935;-1,886;81,98;0,6531;0,4395;2913,92;-4,0922;-0,4228;3480;0,9558;0,0041;554392,96;7,1235;0,1491;104,29;4,8157;0,0652
"E09000007";"Camden";2021;46,13;0,9255;0,5262;65,06;-0,1961;0,7173;695;1,2799;-0,2607;66,8;1,9257;-0,2761;311;-2,3378;-1,2462;81,89;-0,011;-1,4472;2302,83;-2,3261;-8,5293;5615;4,9004;0,3176;838758,5;4,2274;-0,2426;134,75;2,5956;0,1271
"E09000007";"Camden";2031;44,09;-0,4513;-3,2297;64,79;-0,0416;0,8835;794,71;1,3497;-0,4132;77,3;1,4706;-0,3913;253;-2,0429;-11,9363;80,58;-0,1611;-0,6339;2369,26;0,2848;0,1956;6052;0,7523;-0,3503;980352,38;1,5721;-0,2694;172,79;2,5177;0,0591
"E09000008";"Croydon";2001;46,58;0;0;69,98;0;0;405,3;0;0;27,6;0;0;1166;0;0;78,75;0;0;3120,83;0;0;2090;0;0;132509,21;0;0;71,85;0;0
"E09000008";"Croydon";2011;44,15;-0,5344;0,3333;55,11;-2,3605;-0,3753;481,7;1,9373;-0,1773;36,7;4,1549;-0,1913;1080;-0,7633;-0,1634;81;0,3528;-0,2224;2636,83;-1,6711;0,419;2140;0,296;-0,689;215427,58;4,9797;-0,1967;101,9;3,5559;-0,2135
"E09000008";"Croydon";2021;45,93;0,396;-0,347;46,19;-1,7502;-1,523;613,3;2,4447;0,4121;49,7;3,0787;0,1574;1012;-0,6482;0,3772;81,22;0,0271;0,1016;2676,67;0,1501;1,6149;2740;2,5023;-0,3272;387554,67;6,0482;0,0836;124,02;1,9839;-0,1386
"E09000008";"Croydon";2031;46,1;0,037;-0,8172;41,6;-1,0412;-1,9149;785,78;2,5092;0,0909;62,65;2,3426;-0,0303;1031;0,1862;-0,0032;80,51;-0,0878;0,1095;2957,85;1,0039;3,2145;2907;0,5934;-0,4876;454798,66;1,6128;-0,2505;155,13;2,2634;-0,0479
"E09000009";"Ealing";2001;45,52;0;0;58,82;0;0;431,5;0;0;36,5;0;0;1166;0;0;78,56;0;0;3260,67;0;0;2005;0;0;170190,62;0;0;63,68;0;0
"E09000009";"Ealing";2011;45,97;0,0984;1,1228;49;-1,81;-0,0545;486,6;1,3442;-0,4291;47,1;3,7094;-0,278;1072;-0,837;-0,2757;81,07;0,3939;-0,1318;2644,58;-2,0724;0,2795;2185;1,0804;0,135;302306,91;5,9135;-0,0461;102,76;4,9016;0,0842
"E09000009";"Ealing";2021;43,08;-0,6472;-2,0673;45,6;-0,7165;-0,0329;582,6;1,8169;0,0495;65,7;3,3843;0,2722;960;-1,0974;-0,0544;81,43;0,0443;0,8008;2336,42;-1,2313;-4,0442;3160;3,7585;0,0105;505746,08;5,2806;-0,054;129,21;2,3169;0,006
"E09000009";"Ealing";2031;42,86;-0,0512;-1,253;44,09;-0,3362;0,0588;677,71;1,5237;-0,3376;82,88;2,3501;-0,0272;948;-0,1257;-1,6729;79,57;-0,2308;-1,3408;2004,82;-1,519;-7,377;3633;1,4046;0,213;639843,18;2,3798;0,106;161,93;2,2829;-0,0397
"E09000010";"Enfield";2001;43,68;0;0;76,86;0;0;363,1;0;0;21,5;0;0;1213;0;0;78,83;0;0;2450,08;0;0;1600;0;0;135713,17;0;0;64,06;0;0
"E09000010";"Enfield";2011;46,41;0,6081;1,7587;61,01;-2,283;-0,3301;475,8;3,0491;0,2949;36,8;7,9802;0,5533;1237;0,1961;1,2989;81,67;0,4434;-0,0227;1901,42;-2,5033;0,1297;1735;1,0177;0,0691;241991,26;5,9541;-0,0395;100,97;4,6551;0,0297
"E09000010";"Enfield";2021;43,66;-0,609;-2,0043;55,33;-0,9725;-0,4019;521,5;0,9213;-0,4678;49,2;2,9465;0,1077;1194;-0,3532;0,6606;81,74;0,0086;-0,6504;2379,58;2,2686;10,2937;2495;3,6996;-0,0053;422486;5,7307;0,0267;123,27;2,0156;-0,1248
"E09000010";"Enfield";2031;44,68;0,2312;0,1423;52,62;-0,5009;-0,4023;632,88;1,9546;-0,1502;65,49;2,9013;0,201;1253;0,4835;1,5883;81,34;-0,049;0,503;2387,72;0,0342;-0,8564;2851;1,3427;0,1595;519280,3;2,0843;-0,0314;153,97;2,2487;-0,0541
"E09000011";"Greenwich";2001;43,13;0;0;76,95;0;0;401,3;0;0;26,7;0;0;924;0;0;77,03;0;0;2416,25;0;0;1130;0;0;125820,07;0;0;62,92;0;0
"E09000011";"Greenwich";2011;46,81;0,8221;2,0257;62,47;-2,0631;-0,202;488;2,1972;-0,0669;43,2;7,1157;0,385;948;0,2568;1,3914;79,88;0,4552;0,0033;1839,17;-2,6921;0,064;1265;1,4207;0,4925;229295,4;6,1853;-0,0022;96,61;4,3815;-0,0309
"E09000011";"Greenwich";2021;43,18;-0,8039;-2,3257;57,93;-0,7517;-0,0836;618,3;2,3948;0,3833;58,2;3,0253;0,1373;866;-0,9006;0,1347;80,16;0,035;0,4228;2100,17;1,3359;6,4728;1900;4,1517;0,1163;418248,75;6,195;0,1099;120,65;2,247;-0,0243
"E09000011";"Greenwich";2031;46,32;0,7044;2,4802;55,92;-0,3525;0,0132;729,2;1,6634;-0,2768;77,34;2,8841;0,1938;916;0,5629;2,0134;78,66;-0,1887;-0,9138;2585,58;2,1011;7,8207;2287;1,8712;0,6159;533116,06;2,4563;0,1415;151,53;2,3051;-0,0304
"E09000012";"Hackney";2001;42,98;0;0;59,65;0;0;387,1;0;0;31;0;0;439;0;0;77,31;0;0;3314,08;0;0;1330;0;0;153406,32;0;0;59,83;0;0
"E09000012";"Hackney";2011;46,18;0,7207;1,8992;54,7;-0,8626;0,4974;517,4;3,2762;0,3913;47,6;6,3179;0,2297;369;-1,722;-1,6246;79,81;0,3986;-0,1214;2231,25;-3,8789;-0,3486;1630;2,5751;1,7052;308698,44;7,243;0,1684;96,49;4,8954;0,0828
"E09000012";"Hackney";2021;43,82;-0,5232;-1,8628;56,86;0,388;1,5593;576,8;1,0927;-0,3688;71,1;4,0941;0,5391;314;-1,6011;-0,5383;79,51;-0,0377;-2,5325;2531;1,2685;6,1966;3230;7,0783;0,9031;573982,67;6,3987;0,1464;121,41;2,3239;0,0091
"E09000012";"Hackney";2031;40,13;-0,8758;-5,3271;57,59;0,1276;1,3572;713,64;2,1517;-0,0646;94,69;2,9067;0,2032;280;-1,1395;-7,1001;76,08;-0,44;-3,4625;2646,68;0,4479;0,8804;4276;2,8451;1,4569;681328,99;1,7292;-0,1964;155,82;2,5267;0,0628
"E09000013";"Hammersmith and Fulham";2001;44,37;0;0;77,92;0;0;492,8;0;0;46,9;0;0;478;0;0;78,49;0;0;2457,25;0;0;1695;0;0;271918,78;0;0;59,74;0;0
"E09000013";"Hammersmith and Fulham";2011;45;0,1411;1,176;68,08;-1,3409;0,2188;594,1;2,0989;-0,1086;56,4;2,67;-0,4803;405;-1,6436;-1,5051;80,8;0,3632;-0,1995;1883,58;-2,6237;0,0878;1960;1,8324;0,925;518573,67;6,6687;0,0758;101,78;5,4726;0,2105
"E09000013";"Hammersmith and Fulham";2021;45,97;0,2135;-0,6479;64,99;-0,4634;0,332;727;2,0393;0,178;74,4;2,8086;0,0558;331;-1,9975;-0,9192;80,3;-0,0621;-3,5244;1607;-1,5755;-5,4543;2480;2,381;-0,3598;764324,92;3,9553;-0,2914;130,44;2,512;0,0908
"E09000013";"Hammersmith and Fulham";2031;45,88;-0,0196;-1,0968;63,84;-0,1784;0,5006;841,72;1,476;-0,3583;90,58;1,9873;-0,1774;297;-1,078;-6,7709;78,75;-0,1947;-0,9746;1305,63;-2,0554;-9,6289;2668;0,7334;-0,3667;917191,93;1,84;-0,1449;170,78;2,7313;0,1489
"E09000014";"Haringey";2001;47,34;0;0;65,82;0;0;384,9;0;0;35,3;0;0;499;0;0;77,19;0;0;3138,42;0;0;1440;0;0;165127,04;0;0;61,93;0;0
"E09000014";"Haringey";2011;42,49;-1,075;-0,3412;60,55;-0,8311;0,5158;471,8;2,2877;-0,0285;50,4;5,2189;0,0158;425;-1,5924;-1,4271;81,1;0,6196;0,3657;2053,42;-4,1534;-0,4441;1595;1,2861;0,3511;326468,34;7,0538;0,1379;96,07;4,4885;-0,0072
"E09000014";"Haringey";2021;46,98;1,0096;0,6649;62,42;0,3046;1,4391;546;1,4714;-0,1501;56,2;1,0952;-0,5883;376;-1,2175;-0,1698;81,1;0;-1;2356,17;1,3848;6,6731;2235;3,4312;-0,0775;550657,92;5,3669;-0,0385;121,16;2,3475;0,0193
"E09000014";"Haringey";2031;44,85;-0,4629;-3,2871;63,23;0,129;1,3611;671,82;2,0954;-0,089;68,49;1,9974;-0,1732;332;-1,2368;-7,621;82,2;0,1348;2,3671;2254,23;-0,4413;-2,8526;2667;1,7828;0,5396;667465,06;1,9424;-0,0973;154,26;2,4447;0,0284
"E09000015";"Harrow";2001;46,59;0;0;58,62;0;0;378,1;0;0;33,6;0;0;556;0;0;80,62;0;0;1518,08;0;0;1335;0;0;170250,17;0;0;66,5;0;0
"E09000015";"Harrow";2011;43,77;-0,6224;0,2235;42,22;-3,2286;-0,881;487,7;2,8686;0,2182;43,3;3,6897;-0,2818;545;-0,1996;0,6958;83,18;0,3915;-0,1371;1138,42;-2,837;0,0136;1495;1,425;0,497;296477,73;5,7038;-0,0799;105,7;4,7431;0,0491
"E09000015";"Harrow";2021;46,19;0,5396;-0,1102;35,58;-1,6965;-1,4456;580,2;1,7519;0,012;57,7;2,9127;0,095;493;-0,9978;0,0413;83,04;-0,0168;-1,6829;1224,58;0,7322;3,9996;2025;3,0809;-0,1716;489382,17;5,1394;-0,0793;133,37;2,3525;0,0215
"E09000015";"Harrow";2031;45,05;-0,2496;-2,2332;32,43;-0,9227;-1,5831;729,58;2,3174;0,0075;71,88;2,2217;-0,0803;538;0,8773;3,6965;81,24;-0,2189;-1,2201;1157,72;-0,5599;-3,3505;2426;1,8232;0,5744;611964,6;2,2605;0,0505;169,61;2,4329;0,0234
"E09000016";"Havering";2001;46,15;0;0;94,97;0;0;385,1;0;0;12;0;0;1190;0;0;78,78;0;0;1822,33;0;0;1305;0;0;124071,4;0;0;64,47;0;0
"E09000016";"Havering";2011;44,09;-0,4556;0,4316;87,64;-0,8;0,5339;505,3;3,0643;0,3014;18,9;6,7045;0,305;1231;0,3393;1,5171;81,25;0,3866;-0,1479;1415,33;-2,4959;0,1322;1380;0,701;-0,2636;219558,76;5,8737;-0,0525;95,57;4,0151;-0,1119
"E09000016";"Havering";2021;45,68;0,3549;-0,4147;81,23;-0,7567;-0,0908;585,7;1,4875;-0,1408;37,1;6,9772;1,6229;1197;-0,2797;0,7313;81,12;-0,016;-1,6504;1401,08;-0,1011;0,5858;1785;2,6067;-0,2991;384345,33;5,7589;0,0317;118,14;2,1427;-0,0696
"E09000016";"Havering";2031;48,9;0,6835;2,377;77,81;-0,4292;-0,2016;716,13;2,0309;-0,1171;51,86;3,406;0,4099;1351;1,2176;5,5182;78,85;-0,2834;-1,8742;1726,07;2,1079;7,8493;1894;0,5945;-0,4866;486209,12;2,3788;0,1055;146,58;2,1804;-0,0828
"E09000017";"Hillingdon";2001;45,85;0;0;78,86;0;0;396,3;0;0;24,2;0;0;1929;0;0;78,91;0;0;2422,83;0;0;1800;0;0;145293,69;0;0;65,81;0;0
"E09000017";"Hillingdon";2011;45,16;-0,1515;0,811;60,57;-2,6042;-0,5172;497,4;2,5568;0,0858;35,3;5,5414;0,0786;1890;-0,204;0,6891;81,41;0,3906;-0,1391;2145,33;-1,2091;0,5796;1905;0,7112;-0,2529;251781,66;5,652;-0,0883;102,57;4,5377;0,0037
"E09000017";"Hillingdon";2021;44,3;-0,1921;-1,3168;49,38;-2,0218;-1,9145;594,8;1,8044;0,0423;49,7;3,4804;0,3084;1767;-0,6707;0,3556;81,25;-0,0197;-1,8008;2036,5;-0,5193;-1,1274;2705;3,5684;-0,0406;426096,25;5,4019;-0,0322;125;1,9974;-0,1327
"E09000017";"Hillingdon";2031;44,49;0,0428;-0,7885;44,04;-1,1379;-2,1856;734,59;2,1333;-0,0726;68,35;3,2377;0,3402;1897;0,7124;2,8137;80,23;-0,1263;-0,2809;2201,12;0,7804;2,2762;3027;1,131;-0,0233;533031,28;2,2644;0,0523;157,92;2,3653;-0,005
"E09000018";"Hounslow";2001;44,39;0;0;64,83;0;0;388,6;0;0;25,5;0;0;1423;0;0;77,62;0;0;2494,08;0;0;1370;0;0;153622,97;0;0;66,96;0;0
"E09000018";"Hounslow";2011;46,93;0,558;1,6962;51,38;-2,2984;-0,3391;473,2;2,2127;-0,0603;47,3;9,2274;0,7961;1366;-0,408;0,3781;80,88;0,5156;0,1364;1974,67;-2,3081;0,1975;1595;1,919;1,016;264605,14;5,5879;-0,0986;100,04;4,0964;-0,0939
"E09000018";"Hounslow";2021;43,64;-0,7242;-2,1943;46,75;-0,9399;-0,3549;567,2;1,8285;0,0562;56,8;1,8471;-0,3056;1180;-1,4531;-0,3961;81,18;0,037;0,5041;1927,25;-0,2428;0,0053;2205;3,2915;-0,115;420711,83;4,7463;-0,1497;125,61;2,3022;-3e-04
"E09000018";"Hounslow";2031;42,05;-0,3705;-2,8305;44,38;-0,5189;-0,4527;688,02;1,9498;-0,1523;73,67;2,6347;0,0906;1299;0,9654;4,1681;79,67;-0,1876;-0,9026;1858,11;-0,3647;-2,5311;2723;2,1325;0,8415;547380,47;2,6669;0,2394;158,7;2,3659;-0,0048
"E09000019";"Islington";2001;42,6;0;0;75,42;0;0;465;0;0;40;0;0;373;0;0;76,41;0;0;3134,25;0;0;1935;0;0;219818,4;0;0;59,16;0;0
"E09000019";"Islington";2011;48,06;1,2133;2,5138;68,21;-0,9998;0,4175;598,5;2,844;0,2078;58,7;5,6323;0,0963;301;-2,1218;-2,234;79,66;0,522;0,1505;2213,92;-3,4165;-0,1879;2030;0,6009;-0,3687;424103,79;6,7925;0,0957;98,9;5,273;0,1663
"E09000019";"Islington";2021;41,45;-1,4687;-3,422;67,31;-0,1327;0,8087;670,7;1,1455;-0,3383;67,5;1,4067;-0,4712;244;-2,0775;-0,9961;80,4;0,0925;2,7602;2027,75;-0,8745;-2,5825;3210;4,689;0,2607;679191,58;4,8219;-0,1361;128,61;2,6616;0,1557
"E09000019";"Islington";2031;46,72;1,204;4,9486;66,74;-0,085;0,762;806,91;1,8661;-0,1887;83,68;2,172;-0,1009;206;-1,6787;-9,9866;78,89;-0,1894;-0,9209;1847,07;-0,9289;-4,8997;4050;2,3517;1,0308;827369,17;1,9931;-0,0738;167,1;2,6527;0,1158
"E09000020";"Kensington and Chelsea";2001;42,75;0;0;78,64;0;0;601,5;0;0;38,9;0;0;458;0;0;81,67;0;0;2467,08;0;0;2630;0;0;420129,47;0;0;55,97;0;0
"E09000020";"Kensington and Chelsea";2011;46,78;0,9049;2,129;70,63;-1,0685;0,3775;793,9;3,1317;0,33;59,6;6,2847;0,2233;392;-1,544;-1,3533;83,62;0,2954;-0,3489;1652,25;-3,9297;-0,3663;2730;0,4676;-0,5088;908565,09;8,0183;0,2935;97,23;5,678;0,2559
"E09000020";"Kensington and Chelsea";2021;43,43;-0,7403;-2,2208;69,45;-0,1683;0,7574;763,6;-0,3884;-1,2244;63,8;0,6833;-0,7431;326;-1,8268;-0,7552;83,6;-0,0024;-1,0976;1510,25;-0,8946;-2,6649;3040;1,0814;-0,7092;1343814,58;3,9916;-0,2849;128,78;2,8501;0,2376
"E09000020";"Kensington and Chelsea";2031;38,33;-1,2414;-7,1334;69,25;-0,0288;0,9194;709,11;-0,7376;-1,3207;79,21;2,1871;-0,0947;294;-1,0279;-6,5027;82,52;-0,1299;-0,3174;1403,79;-0,7283;-4,0575;3070;0,0982;-0,9152;1492381,83;1,0541;-0,5101;166,72;2,6157;0,1003
"E09000021";"Kingston upon Thames";2001;43,91;0;0;84,36;0;0;435,7;0;0;41,7;0;0;869;0;0;79,49;0;0;1150,92;0;0;1215;0;0;178822,59;0;0;62,83;0;0
"E09000021";"Kingston upon Thames";2011;45,13;0,2744;1,3424;74,5;-1,2352;0,2804;579,8;3,2257;0,3699;45,8;1,3488;-0,7375;828;-0,4821;0,2652;82,58;0,4778;0,0531;899,5;-2,4347;0,1535;1265;0,5054;-0,4691;312073,91;5,7264;-0,0763;104,89;5,2584;0,1631
"E09000021";"Kingston upon Thames";2021;44,97;-0,0355;-1,0585;66,06;-1,1952;-0,7229;667,9;1,4246;-0,1771;65,2;3,5949;0,3514;744;-1,064;-0,0223;82,9;0,0387;0,5732;915,17;0,1729;1,7083;1980;4,5821;0,232;510018;5,0347;-0,098;130,28;2,1914;-0,0485
"E09000021";"Kingston upon Thames";2031;43,91;-0,2383;-2,1774;62,06;-0,6227;-0,7433;771;1,4459;-0,3714;79,02;1,941;-0,1965;746;0,0268;-0,8565;82,54;-0,0435;0,5588;866,59;-0,544;-3,2838;1955;-0,127;-1,1097;649694,07;2,4501;0,1386;166,41;2,4779;0,0423
"E09000022";"Lambeth";2001;47,11;0;0;62,86;0;0;404,3;0;0;40,7;0;0;733;0;0;76,64;0;0;4757,67;0;0;1735;0;0;164684,74;0;0;58,22;0;0
"E09000022";"Lambeth";2011;43,09;-0,888;-0,1079;57,14;-0,9495;0,4468;536,7;3,1976;0,358;59;5,4476;0,0603;573;-2,4325;-2,7075;79,75;0,4985;0,0987;2962,92;-4,6254;-0,6082;1855;0,8395;-0,1181;304029,86;6,3228;0,02;93,04;4,7996;0,0616
"E09000022";"Lambeth";2021;47,64;1,0089;0,6638;58,91;0,3055;1,4404;681,2;2,4128;0,3937;75,7;2,5237;-0,0513;501;-1,3338;-0,2815;80,69;0,1172;3,7642;2602,08;-1,2902;-4,2855;2585;3,3741;-0,0928;534421,67;5,8027;0,0396;119,78;2,5585;0,1109
"E09000022";"Lambeth";2031;47,44;-0,0421;-1,208;59,4;0,0829;1,2321;830,99;2,0075;-0,1272;96,29;2,435;0,0079;449;-1,0898;-6,834;77,79;-0,3653;-2,7049;2885,3;1,0385;3,3598;2821;0,8775;-0,2422;612804,77;1,378;-0,3596;154,18;2,5568;0,0755
"E09000023";"Lewisham";2001;47,66;0;0;65,93;0;0;394,9;0;0;33,5;0;0;715;0;0;76,79;0;0;2417,33;0;0;1335;0;0;121333,17;0;0;59,33;0;0
"E09000023";"Lewisham";2011;43,46;-0,9183;-0,1457;53,52;-2,0638;-0,2024;473,2;2,0302;-0,1378;49;5,5828;0,0867;610;-1,5757;-1,4016;79,85;0,4896;0,0791;2250,92;-0,7107;0,7529;1350;0,1398;-0,8531;228017,41;6,5121;0,0505;87,92;4,0115;-0,1127
"E09000023";"Lewisham";2021;47,57;0,9077;0,4969;51,1;-0,4616;0,3346;574,9;1,9659;0,1356;66;3,0231;0,1365;533;-1,3403;-0,2878;80,28;0,0537;1,1829;2204,92;-0,2063;0,1549;1920;3,585;-0,0361;429701,92;6,5418;0,172;110,96;2,3547;0,0224
"E09000023";"Lewisham";2031;44,67;-0,627;-4,0978;50;-0,2174;0,3914;701,43;2,0092;-0,1265;85,12;2,5767;0,0666;483;-0,9802;-6,2473;78,56;-0,2163;-1,1937;2612,19;1,7094;6,1763;2188;1,3152;0,1358;521191,11;1,949;-0,0942;140;2,352;-0,0106
"E09000024";"Merton";2001;45,69;0;0;75,05;0;0;436,3;0;0;36,3;0;0;583;0;0;79,34;0;0;1478,92;0;0;1080;0;0;167046,24;0;0;66,78;0;0
"E09000024";"Merton";2011;43,99;-0,3785;0,5278;64,89;-1,4441;0,1586;536,9;2,3321;-0,0096;48,7;4,2874;-0,1655;538;-0,8001;-0,2195;81,98;0,41;-0,0963;1169,08;-2,3235;0,1922;1255;1,8949;0,9907;306063,02;6,2423;0,007;92,61;3,324;-0,2648
"E09000024";"Merton";2021;44,36;0,0838;-0,8618;62,8;-0,3268;0,5289;592,1;0,9834;-0,432;67,1;3,257;0,2244;476;-1,2169;-0,1692;82,04;0,0073;-0,7033;1071,92;-0,8639;-2,5391;1630;2,6489;-0,2878;541076,58;5,8631;0,0504;117,14;2,3776;0,0324
"E09000024";"Merton";2031;44,99;0,1411;-0,3029;61,93;-0,1394;0,6097;653,98;0,999;-0,5657;85,22;2,4193;0,0014;482;0,1253;-0,3292;80,98;-0,13;-0,3185;1133,85;0,5633;1,3648;1881;1,4425;0,2457;677065,9;2,2674;0,0537;141,91;1,9367;-0,1853
"E09000025";"Newham";2001;43,97;0;0;39,4;0;0;338,2;0;0;17;0;0;715;0;0;76,25;0;0;3384,67;0;0;1360;0;0;108763,06;0;0;64,35;0;0
"E09000025";"Newham";2011;47,48;0,771;1,9619;28,95;-3,0349;-0,7682;382,5;1,3771;-0,4152;39,2;12,6766;1,4674;722;0,0975;1,1486;79,65;0,5468;0,2052;2574,58;-2,6986;0,0617;1500;1,2323;0,2946;207663,62;6,6812;0,0778;96,79;4,1665;-0,0784
"E09000025";"Newham";2021;42,25;-1,1603;-2,9134;25,37;-1,3114;-0,8904;574,9;4,1588;1,4023;57,6;3,9235;0,4749;628;-1,3852;-0,3309;79,06;-0,0743;-4,0203;2683;0,4133;2,6932;2975;7,0877;0,9057;386056,33;6,3969;0,146;121,12;2,2677;-0,0153
"E09000025";"Newham";2031;39,33;-0,7136;-4,5257;23,38;-0,8135;-1,2774;686,35;1,7877;-0,2228;83,44;3,7756;0,5629;702;1,1202;4,9968;78,76;-0,038;0,6146;2725,54;0,1574;-0,3392;3850;2,6118;1,2554;487316,75;2,3567;0,0952;151,22;2,2444;-0,0559
"E09000026";"Redbridge";2001;42,88;0;0;63,32;0;0;402,5;0;0;26,8;0;0;875;0;0;78,97;0;0;2333,42;0;0;1390;0;0;141587,53;0;0;67,29;0;0
"E09000026";"Redbridge";2011;46,92;0,9045;2,1285;42,49;-3,9108;-1,2785;479,5;1,964;-0,1659;37,4;4,8761;-0,0509;959;0,9209;2,4036;81,6;0,4104;-0,0954;1985,5;-1,6017;0,4431;1540;1,2892;0,3543;261965,54;6,3462;0,0237;103,37;4,3865;-0,0298
"E09000026";"Redbridge";2021;44,21;-0,5932;-1,9782;33,34;-2,3959;-2,4538;579,3;1,9088;0,1026;51,8;3,3108;0,2446;866;-1,0149;0,0249;81,65;0,0061;-0,752;1990,92;0,0273;1,1118;2405;4,5585;0,2256;452136,08;5,6094;0,0049;125,25;1,9385;-0,1583
"E09000026";"Redbridge";2031;45,2;0,2217;0,0954;29,38;-1,2565;-2,5176;664,43;1,3805;-0,3998;66,51;2,5311;0,0477;922;0,6286;2,3651;77,27;-0,5498;-4,5761;2015,11;0,1208;-0,4929;2875;1,8011;0,5554;565996,21;2,2715;0,0556;157,54;2,3202;-0,024
"E09000027";"Richmond upon Thames";2001;43,61;0;0;90,88;0;0;564,9;0;0;43,6;0;0;778;0;0;80,32;0;0;1338,08;0;0;1515;0;0;241333,29;0;0;64,44;0;0
"E09000027";"Richmond upon Thames";2011;46,94;0,7386;1,9215;85,96;-0,555;0,6766;665;1,8292;-0,2232;55,2;3,4275;-0,3329;703;-1,0086;-0,5373;83,44;0,4775;0,0525;957,92;-3,287;-0,1428;1605;0,724;-0,2394;434537,17;6,0574;-0,0229;96,24;4,0926;-0,0948
"E09000027";"Richmond upon Thames";2021;43,96;-0,6538;-2,0782;83,66;-0,2708;0,6096;704,5;0,5787;-0,6657;70;2,4038;-0,0963;623;-1,2008;-0,1537;84,03;0,0705;1,8659;915,08;-0,4565;-0,8701;1870;1,5399;-0,586;699811,75;4,8807;-0,1256;123,56;2,5303;0,0987
"E09000027";"Richmond upon Thames";2031;45,13;0,263;0,2994;82,65;-0,1214;0,6601;776,15;0,9733;-0,5769;85,53;2,0239;-0,1622;595;-0,4588;-3,4561;84,46;0,0511;1,5183;853,51;-0,6941;-3,9139;1988;0,6138;-0,4699;872254,93;2,2271;0,035;154,44;2,2559;-0,0511
"E09000028";"Southwark";2001;43,16;0;0;63,25;0;0;397,6;0;0;37,6;0;0;693;0;0;76,94;0;0;3808,92;0;0;1800;0;0;164486,25;0;0;59,68;0;0
"E09000028";"Southwark";2011;45,21;0,4651;1,5803;54,25;-1,5232;0,1126;530,5;3,256;0,3828;53,4;5,1392;3e-04;565;-2,0213;-2,0808;79,98;0,4856;0,0703;2836,08;-2,9062;-0,0104;1980;1,1985;0,2591;312539,49;6,6295;0,0694;98,37;5,1244;0,1335
"E09000028";"Southwark";2021;45,67;0,1013;-0,8329;54,44;0,035;1,0505;637,8;1,8591;0,0739;57,1;0,6722;-0,7473;483;-1,5559;-0,4949;80,74;0,0946;2,8455;2589,33;-0,9061;-2,712;3385;5,509;0,4812;487581,33;4,5476;-0,1853;123,69;2,3169;0,006
"E09000028";"Southwark";2031;45,21;-0,1012;-1,5;54,51;0,0129;1,0361;782,84;2,0702;-0,1;59,61;0,4311;-0,8215;429;-1,1786;-7,3094;81,44;0,0864;1,8763;2388,09;-0,8058;-4,3829;3497;0,326;-0,7185;570601,63;1,5848;-0,2635;159,3;2,5624;0,0779
"E09000029";"Sutton";2001;44,9;0;0;88,98;0;0;410,9;0;0;25,1;0;0;627;0;0;78,94;0;0;1279,92;0;0;1105;0;0;137910,19;0;0;62,01;0;0
"E09000029";"Sutton";2011;44,2;-0,157;0,8041;78,58;-1,2353;0,2803;497,9;2,1568;-0,084;35,8;5,2034;0,0128;579;-0,7933;-0,2091;81,78;0,4428;-0,024;964,08;-2,794;0,0286;1060;-0,5184;-1,5446;233026,68;5,3855;-0,1312;98,21;4,7055;0,0408
"E09000029";"Sutton";2021;46;0,4;-0,3404;72,26;-0,835;-0,2037;576,9;1,4836;-0,143;53,4;4,0796;0,5336;546;-0,5851;0,4378;81,97;0,0232;-0,0569;1065,25;1,0029;5,1086;1310;2,1402;-0,4246;403454,58;5,6426;0,0109;118,9;1,9301;-0,1619
"E09000029";"Sutton";2031;46,04;0,0087;-0,957;69,19;-0,4332;-0,2128;649,97;1,1997;-0,4784;66,9;2,2795;-0,0564;577;0,5538;1,9647;81,08;-0,1091;-0,1065;1266,08;1,7422;6,314;1405;0,7026;-0,3933;510156,62;2,3743;0,1034;150,01;2,3514;-0,0109
"E09000030";"Tower Hamlets";2001;47,89;0;0;51,74;0;0;427,2;0;0;27,4;0;0;733;0;0;75,82;0;0;3106,08;0;0;1585;0;0;162505,94;0;0;60,54;0;0
"E09000030";"Tower Hamlets";2011;41,94;-1,3179;-0,6443;45,21;-1,3401;0,2192;542,3;2,6862;0,1408;46,2;7,749;0,5083;692;-0,5739;0,1253;79,12;0,534;0,177;2318;-2,8842;-0,0028;1895;2,258;1,3721;287262,48;5,8622;-0,0543;96,78;4,8031;0,0624
"E09000030";"Tower Hamlets";2021;48,17;1,3946;1,2998;45,64;0,0947;1,1365;685,2;2,3665;0,367;52;1,1897;-0,5528;573;-1,8693;-0,796;79,35;0,029;0,1789;2630;1,2708;6,2061;3110;5,0788;0,3655;496187,25;5,6177;0,0064;126,71;2,7312;0,1859
"E09000030";"Tower Hamlets";2031;43,26;-1,0693;-6,2831;45,31;-0,0725;0,797;849,87;2,1771;-0,0535;66,47;2,4855;0,0289;563;-0,1759;-1,9416;76,96;-0,3054;-2,0974;2633,27;0,0124;-0,9479;3846;2,1468;0,8539;543596,31;0,9167;-0,574;163,03;2,5524;0,0737
"E09000031";"Waltham Forest";2001;47,18;0;0;64,46;0;0;403,8;0;0;23,8;0;0;630;0;0;77,13;0;0;2521,67;0;0;1285;0;0;118843,46;0;0;66,78;0;0
"E09000031";"Waltham Forest";2011;43,52;-0,8042;-0,0034;52,19;-2,0894;-0,2173;464,4;1,5658;-0,335;38,4;7,0728;0,3767;573;-0,9439;-0,4387;80,82;0,5859;0,2914;2086,83;-1,875;0,3481;1355;0,6652;-0,3012;220905,44;6,3955;0,0317;95,46;3,6376;-0,1954
"E09000031";"Waltham Forest";2021;46,58;0,6818;0,1243;49,19;-0,5903;0,1491;629,6;3,0902;0,785;60,3;4,6161;0,7353;588;0,2587;1,2486;81,03;0,026;0,0569;1841,75;-1,2415;-4,086;2320;5,5249;0,4855;465211,67;7,7319;0,3852;118,32;2,1701;-0,0577
"E09000031";"Waltham Forest";2031;49,68;0,6464;2,1937;47,62;-0,3238;0,0935;753,83;1,8171;-0,21;81,77;3,0926;0,2802;604;0,2688;0,439;77,97;-0,3842;-2,8966;1581,99;-1,5088;-7,3342;2411;0,3855;-0,6671;578385,11;2,2014;0,0231;153,49;2,6366;0,1091
"E09000032";"Wandsworth";2001;46,6;0;0;78,28;0;0;502,1;0;0;49,7;0;0;833;0;0;77,9;0;0;2976,42;0;0;2065;0;0;205179,66;0;0;64,34;0;0
"E09000032";"Wandsworth";2011;43,09;-0,78;0,0268;71,43;-0,9116;0,4689;651,6;2,9382;0,2478;64,5;3,7939;-0,2615;627;-2,8009;-3,269;80,88;0,4704;0,0368;1888;-4,45;-0,5472;2215;0,8804;-0,0751;386200,19;6,529;0,0532;103,76;4,895;0,0827
"E09000032";"Wandsworth";2021;44,46;0,3135;-0,483;69,93;-0,212;0,6944;746;1,3621;-0,2132;70,3;0,8648;-0,6749;534;-1,5927;-0,5303;81,75;0,107;3,3496;2081,33;0,9797;5,0135;2710;2,0374;-0,4522;594458,33;4,4073;-0,2104;131,04;2,3617;0,0255
"E09000032";"Wandsworth";2031;44,86;0,0896;-0,5573;69,31;-0,089;0,7508;982,05;2,7873;0,2118;85,84;2,0172;-0,165;454;-1,6099;-9,6183;82,31;0,0683;1,6927;1862,36;-1,1055;-5,6411;2939;0,8145;-0,2966;749645,75;2,3466;0,0905;165,88;2,3856;0,0035
"E09000033";"Westminster";2001;45,1;0;0;73,24;0;0;480;0;0;37,4;0;0;790;0;0;79,84;0;0;7189,17;0;0;7020;0;0;296105,5;0;0;62,6;0;0
"E09000033";"Westminster";2011;46,11;0,2217;1,2766;61,72;-1,6968;0,0114;670,8;3,7887;0,609;60,1;7,0111;0,3647;628;-2,2688;-2,458;82,82;0,4591;0,0119;5336,5;-2,9361;-0,0208;7365;0,6015;-0,3681;632513,6;7,8853;0,272;104,23;5,2306;0,157
"E09000033";"Westminster";2021;42,79;-0,7445;-2,2277;59,99;-0,2839;0,5907;771,1;1,4032;-0,1895;68,9;1,3758;-0,4828;468;-2,8979;-1,7843;82,52;-0,0363;-2,4756;4064,33;-2,6865;-10,0057;9170;2,2162;-0,4041;1019470,58;4,8891;-0,1241;132,97;2,4651;0,0704
"E09000033";"Westminster";2031;42,34;-0,1057;-1,5222;59,09;-0,151;0,5773;853,96;1,0259;-0,554;87,43;2,4104;-0,0022;392;-1,7565;-10,4031;82,42;-0,0121;0,8773;5066,87;2,2292;8,3585;9373;0,2192;-0,8107;1138321,86;1,1088;-0,4847;168,64;2,4049;0,0116
"E12000007";"London";2001;46,95;0;0;71,08;0;0;419,7;0;0;31,9;0;0;26686;0;0;78,37;0;0;88113,33;0;0;58740;0;0;159225,79;0;0;63,46;0;0
"E12000007";"London";2011;43,32;-0,8015;0;59,78;-1,7164;0;517,5;2,3547;0;45,3;5,1376;0;24986;-0,6561;0;81,26;0,4537;0;65810,74;-2,8762;0;63365;0,9519;0;290551,08;6,1991;0;98,75;4,521;0
"E12000007";"London";2021;46,02;0,6064;0;55,76;-0,6937;0;614,4;1,7312;0;58,9;2,6601;0;22504;-1,0408;0;81,46;0,0246;0;64221,83;-0,2441;0;91295;3,7193;0;500165,42;5,5818;0;124;2,303;0
"E12000007";"London";2031;46,96;0,2024;0;53,8;-0,3572;0;771,29;2,3002;0;74,78;2,4158;0;22928;0,1868;0;80,66;-0,0986;0;65768,11;0,2382;0;102435;1,158;0;618836,57;2,1518;0;156,84;2,3773;0
